[
    {
        "name": "Les Acteurs",
        "theme": "Actor",
        "questions": [
            {
                "label": "Jean Gabin a joué dans...",
                "answers": [
                    {
                        "value": "Les tuches II",
                        "isCorrect": false
                    },
                    {
                        "value": "La grande illusion",
                        "isCorrect": true
                    }
                ]
            }
        ]
    },
    {
        "name": "Les sports",
        "theme": "Sport",
        "questions": [
            {
                "label": "Aux echecs, Magnus Carlsen est champion du monde depuis...",
                "answers": [
                    {
                        "value": "2013",
                        "isCorrect": true
                    },
                    {
                        "value": "2015",
                        "isCorrect": false
                    },
                    {
                        "value": "2017",
                        "isCorrect": false
                    },
                    {
                        "value": "2019",
                        "isCorrect": false
                    }
                ]
            }
        ]
    },
    {
        "name": "Les memes",
        "theme": "Fun",
        "questions": [
            {
                "label": "Completez cette phrase: Hide the Pain...",
                "answers": [
                    {
                        "value": "Hugo",
                        "isCorrect": false
                    },
                    {
                        "value": "Joe",
                        "isCorrect": false
                    },
                    {
                        "value": "Bernard",
                        "isCorrect": false
                    },
                    {
                        "value": "Harold",
                        "isCorrect": true
                    }
                ]
            }
        ]
    }
]